battleLabel,date,date_precision,locationLabel,lat,lon,sultan,sultan_wikidata,part_ofLabel,wikidata_url
Fall of Gallipoli,1354-03-01,month,Gelibolu,40.4139,26.6703,Orhan,Q179282,Byzantine–Ottoman Wars,http://www.wikidata.org/entity/Q916266
Battle of Ihtiman,1355-01-01,year,Ihtiman,42.4400,23.8150,Orhan,Q179282,Bulgarian–Ottoman Wars,http://www.wikidata.org/entity/Q283984
Battle of Adrianópolis,1355-01-01,year,Edirne,41.6730,26.5736,Orhan,Q179282,,http://www.wikidata.org/entity/Q25433631
Naval Battle of Ognina,1356-01-01,year,Acireale,37.6125,15.1656,Orhan,Q179282,,http://www.wikidata.org/entity/Q3951347
Battle of Achelous,1359-01-01,year,Achelous River,38.3350,21.1042,Orhan,Q179282,Albanian-Epirote War of 1359,http://www.wikidata.org/entity/Q4870212
Battle of Megara,1359-01-01,year,Megara Gulf,37.9500,23.3333,Orhan,Q179282,Crusades after Acre of 1291–1399,http://www.wikidata.org/entity/Q28554166
Battle of Sırp Sındığı,1364-01-01,year,Maritsa,42.1648,23.5959,Murad Iᵉʳ,Q170056,Ottoman Wars in Europe,http://www.wikidata.org/entity/Q4844238
Reconquest of Gallipoli,1366-01-01,year,Gallipoli,40.3500,26.4500,Murad Iᵉʳ,Q170056,Byzantine–Ottoman Wars,http://www.wikidata.org/entity/Q516507
Battle of Kosovo,1369-01-01,year,Zvečan,42.9100,20.8400,Murad Iᵉʳ,Q170056,Fall of the Serbian Empire,http://www.wikidata.org/entity/Q4871483
Battle of Maritsa,1371-09-26,day,Ormenio,41.7202,26.2127,Murad Iᵉʳ,Q170056,Serbian–Ottoman Wars,http://www.wikidata.org/entity/Q939570
Battle of Gardiki,1375-01-01,year,"Gardiki Castle, Arcadia",37.2629,22.0584,Murad Iᵉʳ,Q170056,Byzantine–Latin wars,http://www.wikidata.org/entity/Q30622039
Battle of Pločnik,1385-01-01,year,Pločnik,43.1978,21.3567,Murad Iᵉʳ,Q170056,Ottoman Wars in Europe,http://www.wikidata.org/entity/Q612288
Battle of Savra,1385-09-26,day,Lushnjë,40.9333,19.7000,Murad Iᵉʳ,Q170056,Ottoman Wars in Europe,http://www.wikidata.org/entity/Q2603935
Battle of Bileća,1388-09-03,day,Bileća,42.8667,18.4333,Murad Iᵉʳ,Q170056,Ottoman conquest of Bosnia and Herzegovina,http://www.wikidata.org/entity/Q700874
Battle of Kosovo,1389-07-06,day,Kosovo Field,42.7175,21.0850,Bayezid Iᵉʳ,Q170058,Ottoman Wars in Europe,http://www.wikidata.org/entity/Q179288
Battle of Ascoli,1392-04-18,day,Ascoli Piceno,42.8547,13.5753,Bayezid Iᵉʳ,Q170058,,http://www.wikidata.org/entity/Q20875410
Battle of Argeș,1394-10-10,day,Argeș River,45.3647,24.6304,Bayezid Iᵉʳ,Q170058,,http://www.wikidata.org/entity/Q4871384
Battle of Nicopolis,1396-09-25,day,Nikopol,43.6986,24.8924,Bayezid Iᵉʳ,Q170058,Ottoman Wars in Europe,http://www.wikidata.org/entity/Q212220
Battle of Akçay,1398-01-01,year,Akçay,39.5858,26.9239,Bayezid Iᵉʳ,Q170058,Ottoman Wars in Asia,http://www.wikidata.org/entity/Q115177789
Battle of Tripolje,1402-11-30,day,Gračanica monastery,42.5983,21.1933,Interrègne,,Ottoman Wars in Europe,http://www.wikidata.org/entity/Q3395349
Battle of Kosmidion,1410-06-24,day,Eyüp,41.0800,28.9378,Interrègne,,Ottoman Interregnum,http://www.wikidata.org/entity/Q4871484
Battle of Çamurlu,1413-07-14,day,Samokov,42.3371,23.5554,Mehmed Iᵉʳ,Q170060,Ottoman Interregnum,http://www.wikidata.org/entity/Q4817327
Battle of Karaburun,1416-01-01,year,Karaburun district,38.6359,26.5097,Mehmed Iᵉʳ,Q170060,,http://www.wikidata.org/entity/Q137205376
Battle of Manisa,1416-01-01,year,Manisa,38.6119,27.4264,Mehmed Iᵉʳ,Q170060,,http://www.wikidata.org/entity/Q137380181
Battle of Thessalonica,1416-01-01,year,Thessaloniki,40.6403,22.9356,Mehmed Iᵉʳ,Q170060,,http://www.wikidata.org/entity/Q137393345
Battle of Gallipoli,1416-06-07,day,Gelibolu,40.4139,26.6703,Mehmed Iᵉʳ,Q170060,Ottoman–Venetian Wars,http://www.wikidata.org/entity/Q30600045
Battle of Radkersburg,1418-10-14,day,Bad Radkersburg,46.6897,15.9886,Mehmed Iᵉʳ,Q170060,,http://www.wikidata.org/entity/Q112166363
Battle of Ulubad,1422-01-01,year,Lake Uluabat,40.1726,28.5908,Murad II,Q170062,,http://www.wikidata.org/entity/Q137393467
Battle of Gallipoli,1422-01-01,year,Gallipoli,40.3500,26.4500,Murad II,Q170062,,http://www.wikidata.org/entity/Q137427251
Battle of İznik,1423-02-01,month,İznik,40.4289,29.7194,Murad II,Q170062,,http://www.wikidata.org/entity/Q137460687
Battle of Davia,1423-06-14,day,Morea,37.3497,22.3522,Murad II,Q170062,1423 Morea expedition,http://www.wikidata.org/entity/Q109393823
Battle of Gülnas,1425-01-01,year,Akhisar,38.9241,27.8402,Murad II,Q170062,Ottoman conquest of the Beylik of Aydin,http://www.wikidata.org/entity/Q109392680
Battle of the Echinades,1427-01-01,year,Echinades,38.3036,21.1108,Murad II,Q170062,Byzantine–Latin wars,http://www.wikidata.org/entity/Q2890722
Action of 1440,1440-01-01,year,Aegean Sea,38.5000,25.3000,Murad II,Q170062,,http://www.wikidata.org/entity/Q98526407
Siege of Belgrade,1440-04-01,month,Belgrade,44.8178,20.4569,Murad II,Q170062,Serbian–Ottoman Wars,http://www.wikidata.org/entity/Q12756567
Battle of Hermannstadt,1442-03-18,day,Sântimbru,46.1218,23.6657,Murad II,Q170062,Ottoman Wars in Europe,http://www.wikidata.org/entity/Q1711538
Battle of Hermannstadt,1442-03-31,day,Sântimbru,46.1218,23.6657,Murad II,Q170062,Ottoman Wars in Europe,http://www.wikidata.org/entity/Q1711538
Battle of Sântimbru (March 27),1442-03-27,day,Sântimbru,46.1218,23.6657,Murad II,Q170062,Ottoman Wars in Europe,http://www.wikidata.org/entity/Q115732142
Battle of Zajkány,1442-09-15,day,Iron Gate of Transylvania Pass,45.5071,22.6741,Murad II,Q170062,Ottoman–Hungarian Wars,http://www.wikidata.org/entity/Q103710623
Battle of Niš,1443-11-01,month,Niš,43.3192,21.8961,Murad II,Q170062,Crusade of Varna,http://www.wikidata.org/entity/Q3339470
Liberation of Krujë,1443-12-07,day,Krujë,41.5108,19.7925,Murad II,Q170062,Skanderbeg's Albanian campaign,http://www.wikidata.org/entity/Q131583820
Battle of Zlatica,1443-12-21,day,Zlatitsa,42.7134,24.1391,Murad II,Q170062,Crusade of Varna,http://www.wikidata.org/entity/Q18639123
Battle of Kunovica,1444-01-14,day,Kunovica,43.3000,22.0967,Murad II,Q170062,Crusade of Varna,http://www.wikidata.org/entity/Q12754327
Battle of Torvioll,1444-07-08,day,Plain of Torvioll,41.7667,20.3667,Murad II,Q170062,Skanderbeg's Albanian campaign,http://www.wikidata.org/entity/Q1934137
Battle of Varna,1444-11-10,day,Varna,43.2114,27.9111,Mehmed II,Q45659,Crusade of Varna,http://www.wikidata.org/entity/Q32832
Battle of Mokra,1445-10-19,day,Jakupica,41.7042,21.4053,Mehmed II,Q45659,Skanderbeg's Albanian campaign,http://www.wikidata.org/entity/Q3300868
Battle of Otonetë,1446-10-06,day,Debar,41.5250,20.5272,Murad II,Q170062,Skanderbeg's Albanian campaign,http://www.wikidata.org/entity/Q3302743
Battle of Oranik,1448-08-23,day,Debar,41.5250,20.5272,Murad II,Q170062,Albanian–Venetian War,http://www.wikidata.org/entity/Q3301210
Battle of Kosovo,1448-10-26,day,Kosovo Polje,42.6383,21.0975,Murad II,Q170062,Ottoman Wars in Europe,http://www.wikidata.org/entity/Q698706
Fall of Constantinople,1453-04-15,day,Constantinople,41.0125,28.9800,Mehmed II,Q45659,Byzantine–Ottoman Wars,http://www.wikidata.org/entity/Q160077
Battle of the Bosphorus,1453-04-20,day,Bosporus Strait,41.1200,29.0800,Mehmed II,Q45659,Fall of Constantinople,http://www.wikidata.org/entity/Q2890732
Battle of Pollog,1453-04-22,day,Polog,41.9580,20.9649,Mehmed II,Q45659,Ottoman Wars in Europe,http://www.wikidata.org/entity/Q3304647
Battle of Kruševac,1454-10-02,day,Kruševac,43.5833,21.3267,Mehmed II,Q45659,Ottoman Wars in Europe,http://www.wikidata.org/entity/Q3395325
Battle of Oranik,1456-05-27,day,Debar,41.5250,20.5272,Mehmed II,Q45659,Ottoman Wars in Europe,http://www.wikidata.org/entity/Q3298782
Siege of Belgrade,1456-07-13,day,Belgrade,44.8178,20.4569,Mehmed II,Q45659,Serbian–Ottoman Wars,http://www.wikidata.org/entity/Q244980
Battle of Orbic,1457-01-01,year,Romania,46.0000,25.0000,Mehmed II,Q45659,,http://www.wikidata.org/entity/Q4870887
Battle of Albulena,1457-09-11,day,Laç,41.6353,19.7131,Mehmed II,Q45659,Ottoman Wars in Europe,http://www.wikidata.org/entity/Q74072
Siege of Corinth,1458-05-24,day,Corinth,37.9386,22.9272,Mehmed II,Q45659,Ottoman conquest of the Morea,http://www.wikidata.org/entity/Q135522442
Battle of the Sarno,1460-07-16,day,Longola,40.7951,14.5750,Mehmed II,Q45659,,http://www.wikidata.org/entity/Q25203614
Battle of Tordino,1460-07-31,day,Giulianova,42.7525,13.9567,Mehmed II,Q45659,conspiracy of the Barons,http://www.wikidata.org/entity/Q47162751
Battle of Baziaș,1460-11-17,day,Baziaș,44.8159,21.3905,Mehmed II,Q45659,Ottoman–Hungarian Wars,http://www.wikidata.org/entity/Q134172224
Battle of Buzău,1462-01-01,year,Buzău,45.1517,26.8167,Mehmed II,Q45659,Ottoman–Wallachian wars,http://www.wikidata.org/entity/Q138303833
Battle of Turnu,1462-01-01,year,Turnu Măgurele,43.7517,24.8708,Mehmed II,Q45659,Ottoman–Wallachian wars,http://www.wikidata.org/entity/Q138545197
Night attack at Târgoviște,1462-06-26,day,Târgoviște,44.9244,25.4572,Mehmed II,Q45659,Ottoman–Wallachian wars,http://www.wikidata.org/entity/Q2022139
Battle of Cesano,1462-08-21,day,Cesano,43.7505,13.1723,Mehmed II,Q45659,Italian Renaissance,http://www.wikidata.org/entity/Q109301504
Battle of Troia,1462-08-27,day,Troia,41.3667,15.3000,Mehmed II,Q45659,conspiracy of the Barons,http://www.wikidata.org/entity/Q85859822
Battle of Kljuc,1463-01-01,year,Ključ,44.5333,16.7667,Mehmed II,Q45659,Ottoman conquest of Bosnia and Herzegovina,http://www.wikidata.org/entity/Q121283166
Battle of Zvornik,1464-01-01,year,Zvornik,44.3833,19.1000,Mehmed II,Q45659,Ottoman–Hungarian Wars,http://www.wikidata.org/entity/Q120176387
Battle of Mystras,1464-08-01,month,Mystras,37.0740,22.3673,Mehmed II,Q45659,First Ottoman–Venetian War,http://www.wikidata.org/entity/Q137360136
Battle of Ohrid,1464-09-23,day,Ohrid,41.1169,20.8019,Mehmed II,Q45659,Ottoman Wars in Europe,http://www.wikidata.org/entity/Q3338499
Battle of Meçad,1465-01-01,year,Debar,41.5250,20.5272,Mehmed II,Q45659,Ottoman Wars in Europe,http://www.wikidata.org/entity/Q4871725
Battle of Vaikal,1465-04-10,day,Ohrid,41.1169,20.8019,Mehmed II,Q45659,Ottoman Wars in Europe,http://www.wikidata.org/entity/Q4872638
Battle of Patras,1466-08-01,month,Patras,38.2500,21.7333,Mehmed II,Q45659,First Ottoman–Venetian War,http://www.wikidata.org/entity/Q119167274
Battle of Patras,1466-08-24,day,Patras,38.2500,21.7333,Mehmed II,Q45659,First Ottoman–Venetian War,http://www.wikidata.org/entity/Q118929878
Battle of Baia,1467-12-15,day,Baia,47.4203,26.2169,Mehmed II,Q45659,,http://www.wikidata.org/entity/Q2510875
Battle of Vaslui,1475-01-10,day,Vaslui,46.6383,27.7292,Mehmed II,Q45659,Ottoman–Hungarian Wars,http://www.wikidata.org/entity/Q1073358
Battle of Valea Albă,1476-07-26,day,Războieni,47.0783,26.5603,Mehmed II,Q45659,Moldavian–Ottoman Wars,http://www.wikidata.org/entity/Q2533670
Battle of Isonzo,1477-10-01,month,Soča,45.7247,13.5561,Mehmed II,Q45659,First Ottoman–Venetian War,http://www.wikidata.org/entity/Q127592395
Battle of Lucinico,1477-11-09,day,Lucinico,45.9333,13.5667,Mehmed II,Q45659,First Ottoman–Venetian War,http://www.wikidata.org/entity/Q118929868
Battle of Breadfield,1479-10-22,day,Breadfield,45.9283,23.3289,Mehmed II,Q45659,Ottoman–Hungarian Wars,http://www.wikidata.org/entity/Q690291
Ottoman invasion of Otranto,1480-07-01,month,Otranto,40.1478,18.4859,Mehmed II,Q45659,Ottoman Wars in Europe,http://www.wikidata.org/entity/Q695198
Ottoman invasion of Otranto,1481-09-01,month,Otranto,40.1478,18.4859,Bayezid II,Q170068,Ottoman Wars in Europe,http://www.wikidata.org/entity/Q695198
Battle of Una,1483-11-07,day,Novi Grad,45.0464,16.3778,Bayezid II,Q170068,Ottoman Wars in Europe,http://www.wikidata.org/entity/Q18162714
Battle of Cătlăbuga,1485-11-25,day,Kiliia,45.4408,29.2651,Bayezid II,Q170068,Moldavian–Ottoman Wars,http://www.wikidata.org/entity/Q2435832
Battle of Bonefield,1490-07-13,day,Kölesd,46.5103,18.5904,Bayezid II,Q170068,,http://www.wikidata.org/entity/Q125394961
Battle of Villach,1492-01-01,year,Villach,46.6167,13.8333,Bayezid II,Q170068,,http://www.wikidata.org/entity/Q108910776
Battle of Krbava Field,1493-09-09,day,Krbavsko Plain,44.6059,15.7017,Bayezid II,Q170068,Ottoman Wars in Europe,http://www.wikidata.org/entity/Q694379
Battle of Seminara,1495-07-07,day,Seminara,38.3333,15.8667,Bayezid II,Q170068,Italian War of 1494–1495,http://www.wikidata.org/entity/Q2670926
Battle of Karpathos,1498-07-01,month,Karpathos,35.5833,27.1333,Bayezid II,Q170068,,http://www.wikidata.org/entity/Q118946809
Battle of Zonchio,1499-09-03,day,Pylos,36.9139,21.6964,Bayezid II,Q170068,Second Ottoman–Venetian War,http://www.wikidata.org/entity/Q2351714
Battle of Modon,1500-08-03,day,Methoni,36.8217,21.7069,Bayezid II,Q170068,Second Ottoman–Venetian War,http://www.wikidata.org/entity/Q2597432
Fall of Navarino,1501-06-07,day,Pylos,36.9139,21.6964,Bayezid II,Q170068,Second Ottoman–Venetian War,http://www.wikidata.org/entity/Q137662207
Fall of Durrës,1501-08-27,day,Durrës,41.3133,19.4458,Bayezid II,Q170068,Second Ottoman–Venetian War,http://www.wikidata.org/entity/Q137662208
Battle of Ruvo,1503-02-23,day,Ruvo di Puglia,41.1173,16.4837,Bayezid II,Q170068,Second War of Naples,http://www.wikidata.org/entity/Q2072513
Battle of Cerignola,1503-05-08,day,Cerignola,41.2667,15.9000,Bayezid II,Q170068,Second War of Naples,http://www.wikidata.org/entity/Q2264459
Battle of Garigliano,1504-01-08,day,Gaeta,41.2167,13.5667,Bayezid II,Q170068,Italian Wars of 1499–1504,http://www.wikidata.org/entity/Q1443091
Battle of Yenişehir,1513-05-04,day,Yenişehir,40.2644,29.6531,Selim Iᵉʳ,Q170071,Ottoman Civil War of 1509–13,http://www.wikidata.org/entity/Q85976551
Battle of Dubica,1513-08-16,day,Hrvatska Dubica,45.1893,16.7985,Selim Iᵉʳ,Q170071,Ottoman Wars in Europe,http://www.wikidata.org/entity/Q18712913
Battle of Jajce,1518-01-01,year,Jajce,44.3403,17.2572,Selim Iᵉʳ,Q170071,,http://www.wikidata.org/entity/Q60789146
Siege of Belgrade,1521-07-05,day,Belgrade,44.8178,20.4569,Soliman Iᵉʳ,Q44058,Ottoman–Hungarian Wars,http://www.wikidata.org/entity/Q535542
Siege of Rhodes,1522-07-06,day,Rhodes,36.1700,27.9200,Soliman Iᵉʳ,Q44058,Ottoman Wars in Europe,http://www.wikidata.org/entity/Q767935
Battle of Schladming,1525-07-13,day,Schladming,47.3942,13.6892,Soliman Iᵉʳ,Q44058,,http://www.wikidata.org/entity/Q136033321
Battle of Mohács,1526-08-29,day,Sátorhely,45.9414,18.6335,Soliman Iᵉʳ,Q44058,Ottoman–Hungarian Wars,http://www.wikidata.org/entity/Q178510
Battle of Szőlős,1527-05-01,month,Seleuș,46.3833,21.7167,Soliman Iᵉʳ,Q44058,Hungarian campaign of 1527–1528,http://www.wikidata.org/entity/Q1314226
Battle of Capo d'Orso,1528-05-08,day,Gulf of Salerno,40.5167,14.7000,Soliman Iᵉʳ,Q44058,War of the League of Cognac,http://www.wikidata.org/entity/Q38251286
Attack on Modon,1531-09-11,day,Methoni,36.8217,21.7069,Soliman Iᵉʳ,Q44058,Ottoman–Habsburg Wars,http://www.wikidata.org/entity/Q134437692
Siege of Güns,1532-08-15,day,Kőszeg,47.3888,16.5407,Soliman Iᵉʳ,Q44058,Habsburg–Ottoman wars in Hungary,http://www.wikidata.org/entity/Q673641
Battle of Leobersdorf,1532-09-29,day,Leobersdorf,47.9286,16.2167,Soliman Iᵉʳ,Q44058,Habsburg–Ottoman wars in Hungary,http://www.wikidata.org/entity/Q368207
Battle of Antipaxos,1537-08-01,month,Antipaxos,39.1486,20.2314,Soliman Iᵉʳ,Q44058,Ottoman–Spanish War,http://www.wikidata.org/entity/Q134994090
Battle of Đakovo,1537-10-09,day,Gorjani,45.4000,18.3667,Soliman Iᵉʳ,Q44058,Habsburg–Ottoman wars in Hungary,http://www.wikidata.org/entity/Q904938
Battle of Preveza,1538-10-08,day,Preveza,38.9575,20.7517,Soliman Iᵉʳ,Q44058,Third Ottoman–Venetian War,http://www.wikidata.org/entity/Q1054975
Battle of Otočac (1543),1543-08-01,month,Otočac,44.8697,15.2372,Soliman Iᵉʳ,Q44058,Hundred Years' Croatian–Ottoman War,http://www.wikidata.org/entity/Q134592293
Battle of Szeged,1552-02-01,month,Szeged,46.2500,20.1667,Soliman Iᵉʳ,Q44058,Habsburg–Ottoman wars in Hungary,http://www.wikidata.org/entity/Q132528606
Battle of Szeged,1552-03-11,day,Szeged,46.2500,20.1667,Soliman Iᵉʳ,Q44058,Habsburg–Ottoman wars in Hungary,http://www.wikidata.org/entity/Q132528606
Battle of Hrastovica,1561-01-01,year,Brest Pokupski,45.4533,16.2570,Soliman Iᵉʳ,Q44058,,http://www.wikidata.org/entity/Q60789142
Battle of Lipari,1561-07-01,month,Lipari,38.4673,14.9554,Soliman Iᵉʳ,Q44058,Ottoman–Spanish War,http://www.wikidata.org/entity/Q118946352
Battle of Verbia,1561-11-28,day,Dimăcheni,47.9047,26.5824,Soliman Iᵉʳ,Q44058,,http://www.wikidata.org/entity/Q61748935
Battle of Kriegsdorf,1562-03-14,day,Hodod,47.4033,23.0264,Soliman Iᵉʳ,Q44058,,http://www.wikidata.org/entity/Q1032382
Siege of Malta,1565-05-28,day,Grand Harbour,35.8950,14.5206,Soliman Iᵉʳ,Q44058,Ottoman–Habsburg Wars,http://www.wikidata.org/entity/Q58732
Battle of Obreška,1565-09-20,day,Ivanić-Grad,45.7081,16.3947,Soliman Iᵉʳ,Q44058,,http://www.wikidata.org/entity/Q60766070
Siege of Szigetvár,1566-08-16,day,Szigetvár,46.0475,17.7994,Soliman Iᵉʳ,Q44058,Ottoman Wars in Europe,http://www.wikidata.org/entity/Q606621
Action of 1570,1570-07-25,day,Mediterranean Sea,38.0000,17.0000,Selim II,Q170074,Ottoman–Venetian War of 1570–1573,http://www.wikidata.org/entity/Q16146533
1571 Ottoman attack on Brač,1571-01-01,year,Brač,43.3111,16.6656,Selim II,Q170074,Ottoman–Venetian War of 1570–1573,http://www.wikidata.org/entity/Q97945483
Battle of Lepanto,1571-10-17,day,Nafpaktos,38.3917,21.8275,Selim II,Q170074,Ottoman–Venetian War of 1570–1573,http://www.wikidata.org/entity/Q165425
Battle of Krško (1573),1573-02-15,day,Krško,45.9590,15.4922,Selim II,Q170074,Croatian–Slovene peasant revolt,http://www.wikidata.org/entity/Q61134278
Battle of Stubica,1573-02-19,day,Donja Stubica,45.9833,15.9667,Selim II,Q170074,Croatian–Slovene peasant revolt,http://www.wikidata.org/entity/Q20437661
Battle of Lake Kahul,1574-06-20,day,Lake Kahul,45.3714,28.3968,Selim II,Q170074,Ottoman expedition to Moldavia,http://www.wikidata.org/entity/Q12082738
Battle of Klis,1583-01-01,year,Klis,43.5667,16.5167,Murad III,Q170076,Ottoman–Habsburg Wars,http://www.wikidata.org/entity/Q135688890
Battle of Slunj,1584-10-26,day,Slunj,45.1156,15.5847,Murad III,Q170076,Ottoman Wars in Europe,http://www.wikidata.org/entity/Q17515519
Battle of Brest,1592-07-19,day,Brest Pokupski,45.4533,16.2570,Murad III,Q170076,Ottoman Wars in Europe,http://www.wikidata.org/entity/Q17515442
Siege of Tata (1593),1593-01-01,year,Tata Castle,47.6489,18.3194,Murad III,Q170076,Long War,http://www.wikidata.org/entity/Q52256876
Battle of Sisak,1593-06-22,day,Sisak,45.4872,16.3761,Murad III,Q170076,Long War,http://www.wikidata.org/entity/Q701335
Battle of Pákozd,1593-11-03,day,Pákozd,47.2211,18.5449,Murad III,Q170076,,http://www.wikidata.org/entity/Q64667692
Battle of Székesfehérvár,1593-11-04,day,Székesfehérvár,47.1910,18.4108,Murad III,Q170076,Long War,http://www.wikidata.org/entity/Q52256924
Siege of Győr,1594-07-31,day,Győr,47.6842,17.6344,Murad III,Q170076,Long War,http://www.wikidata.org/entity/Q52257096
Action of 17 June 1595,1595-06-17,day,Syracuse,37.0692,15.2875,Mehmed III,Q170078,Ottoman–Habsburg Wars,http://www.wikidata.org/entity/Q4677261
Siege of Esztergom,1595-08-04,day,Esztergom,47.7856,18.7403,Mehmed III,Q170078,Long War,http://www.wikidata.org/entity/Q52258033
Battle of Călugăreni,1595-08-23,day,Călugăreni,44.1833,26.0000,Mehmed III,Q170078,Long War,http://www.wikidata.org/entity/Q2540658
Battle of Cecora,1595-10-19,day,Chișinău,47.0228,28.8353,Mehmed III,Q170078,Moldavian Magnate Wars,http://www.wikidata.org/entity/Q720801
Battle of Giurgiu (1595),1595-10-27,day,Giurgiu,43.9000,25.9667,Mehmed III,Q170078,Long War,http://www.wikidata.org/entity/Q12723161
Battle of Suceava,1595-12-12,day,Suceava,47.6514,26.2556,Mehmed III,Q170078,Moldavian Magnate Wars,http://www.wikidata.org/entity/Q16822713
Battle of Keresztes,1596-10-24,day,Mezőkeresztes,47.8254,20.6881,Mehmed III,Q170078,Long War,http://www.wikidata.org/entity/Q690495
Battle of Brest,1596-09-19,day,Brest Pokupski,45.4533,16.2570,Mehmed III,Q170078,Hundred Years' Croatian–Ottoman War,http://www.wikidata.org/entity/Q20434929
Siege of Tata,1597-01-01,year,Tata Castle,47.6489,18.3194,Mehmed III,Q170078,Long War,http://www.wikidata.org/entity/Q52259637
Siege of Buda,1598-10-05,day,Buda,47.4667,19.0500,Mehmed III,Q170078,Long War,http://www.wikidata.org/entity/Q27832144
Siege of Győr,1598-03-28,day,Győr,47.6842,17.6344,Mehmed III,Q170078,Long War,http://www.wikidata.org/entity/Q28722719
Siege of Várad (1598),1598-09-29,day,Oradea Citadel,47.0516,21.9429,Mehmed III,Q170078,Long War,http://www.wikidata.org/entity/Q136490463
Battle of Sellenberk,1599-10-28,day,Șelimbăr,45.7667,24.2000,Mehmed III,Q170078,Long War,http://www.wikidata.org/entity/Q592069
Battle of Mirăslău,1600-09-18,day,Mirăslău,46.3608,23.7056,Mehmed III,Q170078,Long War,http://www.wikidata.org/entity/Q722205
Battle of Bucov,1600-10-20,day,Bucov,44.9667,26.0833,Mehmed III,Q170078,Moldavian Magnate Wars,http://www.wikidata.org/entity/Q15977779
Battle of Guruslău,1601-08-03,day,Hereclean,47.2663,22.9918,Mehmed III,Q170078,Long War,http://www.wikidata.org/entity/Q3565441
siege of Székesfehérvár,1602-08-12,day,Székesfehérvár,47.1910,18.4108,Mehmed III,Q170078,Long War,http://www.wikidata.org/entity/Q52260540
Siege of Buda,1603-09-20,day,Buda,47.4667,19.0500,Mehmed III,Q170078,Long War,http://www.wikidata.org/entity/Q27673363
Capture of Lepanto,1603-05-01,month,Patras,38.2500,21.7333,Mehmed III,Q170078,,http://www.wikidata.org/entity/Q3910855
Battle of Braşov,1603-07-17,day,Brașov,45.6522,25.6106,Mehmed III,Q170078,Long War,http://www.wikidata.org/entity/Q3565434
Battle of Varna,1606-01-01,year,Varna,43.2114,27.9111,Ahmed Iᵉʳ,Q170082,Zaporozhian Cossacks' naval expeditions,http://www.wikidata.org/entity/Q135466948
Battle of Cape Corvo,1613-08-01,month,Karaburun Peninsula,38.5702,26.4757,Ahmed Iᵉʳ,Q170082,Ottoman–Spanish War,http://www.wikidata.org/entity/Q4870641
Action of 29 April 1616,1616-04-29,day,Euboea,38.5000,24.0000,Ahmed Iᵉʳ,Q170082,,http://www.wikidata.org/entity/Q4677335
Battle of Ragusa,1617-11-22,day,Dubrovnik,42.6403,18.1083,Mustafa Iᵉʳ,Q329810,Uskok War,http://www.wikidata.org/entity/Q2889740
Battle of Cecora,1620-09-17,day,Prut,45.4688,28.2072,Osman II,Q170088,Polish–Ottoman War of 1620–1621,http://www.wikidata.org/entity/Q650411
Battle of Chios,1621-03-20,day,Chios,38.4000,26.0167,Osman II,Q170088,Spanish–Ottoman Wars,http://www.wikidata.org/entity/Q131584955
Battle of Palermo,1624-05-23,day,Palermo,38.1157,13.3613,Murad IV,Q170092,Spanish–Ottoman Wars,http://www.wikidata.org/entity/Q131585804
Battle of the Dalmatian Coast,1624-07-13,day,Dalmatia,43.8128,16.2188,Murad IV,Q170092,Spanish–Ottoman Wars,http://www.wikidata.org/entity/Q131584947
Action of 26 June 1625,1625-06-26,day,Syracuse,37.0692,15.2875,Murad IV,Q170092,,http://www.wikidata.org/entity/Q4677321
Battle of Sasowym Rogiem,1633-07-04,day,Sasiv Horn,47.7947,27.2536,Murad IV,Q170092,Polish–Ottoman War of 1633–34,http://www.wikidata.org/entity/Q16495540
Battle of Valona,1638-08-01,month,Bay of Vlorë,40.4283,19.4281,Murad IV,Q170092,Ottoman–Venetian Wars,http://www.wikidata.org/entity/Q2890283
Action of 28 September 1644,1644-09-28,day,Rhodes,36.1700,27.9200,Ibrahim Iᵉʳ,Q170096,,http://www.wikidata.org/entity/Q4677334
Action of 26 May 1646,1646-03-31,day,Dardanelles,40.2000,26.4000,Ibrahim Iᵉʳ,Q170096,Cretan War (1645–1669),http://www.wikidata.org/entity/Q4677324
Action of 26 May 1646,1646-05-26,day,Dardanelles,40.2000,26.4000,Ibrahim Iᵉʳ,Q170096,Cretan War (1645–1669),http://www.wikidata.org/entity/Q4677324
Battle of Chania,1646-08-14,day,Chania,35.5167,24.0167,Ibrahim Iᵉʳ,Q170096,Cretan War (1645–1669),http://www.wikidata.org/entity/Q128395513
Battle of Zadvarje,1646-08-24,day,Zadvarje,43.4314,16.8897,Ibrahim Iᵉʳ,Q170096,Cretan War (1645–1669),http://www.wikidata.org/entity/Q97945413
Battle of Makronisos,1647-01-27,day,Makronisos,37.7000,24.1200,Ibrahim Iᵉʳ,Q170096,Cretan War (1645–1669),http://www.wikidata.org/entity/Q118946339
Siege of Candia,1648-05-01,month,Heraklion,35.3403,25.1344,Ibrahim Iᵉʳ,Q170096,Cretan War (1645–1669),http://www.wikidata.org/entity/Q701094
Battle of Focchies,1649-05-12,day,Foça district,38.6689,26.7528,Mehmed IV,Q170098,Cretan War (1645–1669),http://www.wikidata.org/entity/Q2888513
Action of 10 July 1651,1651-07-10,day,Naxos Island,37.0833,25.4667,Mehmed IV,Q170098,Cretan War (1645–1669),http://www.wikidata.org/entity/Q2889584
Battle of Perast,1654-05-15,day,Perast,42.4869,18.6992,Mehmed IV,Q170098,Cretan War (1645–1669),http://www.wikidata.org/entity/Q20526599
Battle of the Dardanelles,1654-05-16,day,Dardanelles,40.2000,26.4000,Mehmed IV,Q170098,Cretan War (1645–1669),http://www.wikidata.org/entity/Q4816420
Battle of the Dardanelles,1655-06-21,day,Dardanelles,40.2000,26.4000,Mehmed IV,Q170098,Cretan War (1645–1669),http://www.wikidata.org/entity/Q4872903
Battle of the Dardanelles,1656-06-26,day,Dardanelles,40.2000,26.4000,Mehmed IV,Q170098,Cretan War (1645–1669),http://www.wikidata.org/entity/Q256563
Action of 3 May 1657,1657-05-03,day,Mediterranean Sea,38.0000,17.0000,Mehmed IV,Q170098,Cretan War (1645–1669),http://www.wikidata.org/entity/Q4677357
Battle of Marina,1657-06-01,month,Marina,43.5141,16.1082,Mehmed IV,Q170098,Cretan War (1645–1669),http://www.wikidata.org/entity/Q20526219
Battle of the Dardanelles,1657-07-17,day,Dardanelles,40.2000,26.4000,Mehmed IV,Q170098,Cretan War (1645–1669),http://www.wikidata.org/entity/Q2890660
Capture of Kalamata,1659-03-01,month,Kalamata,37.0378,22.1111,Mehmed IV,Q170098,Cretan War (1645–1669),http://www.wikidata.org/entity/Q134608208
Siege of Nagyvárad 1660,1660-01-01,year,Oradea Citadel,47.0516,21.9429,Mehmed IV,Q170098,,http://www.wikidata.org/entity/Q129259683
Action of 27 August 1661,1661-08-27,day,Milos,36.6875,24.4325,Mehmed IV,Q170098,Cretan War (1645–1669),http://www.wikidata.org/entity/Q4677326
Action of 29 September 1662,1662-09-29,day,Kos,36.8153,27.1103,Mehmed IV,Q170098,Cretan War (1645–1669),http://www.wikidata.org/entity/Q9172350
Battle of Köbölkút,1663-08-06,day,Gbelce,47.8506,18.5111,Mehmed IV,Q170098,Austro-Turkish War (1663–1664),http://www.wikidata.org/entity/Q269479
First Battle of Zrínyiújvár,1663-08-13,day,Novi Zrin,46.3241,16.8785,Mehmed IV,Q170098,Austro-Turkish War (1663–1664),http://www.wikidata.org/entity/Q989114
Battle at Jurjeve Stijene,1663-10-16,day,Otočac,44.8697,15.2372,Mehmed IV,Q170098,Austro-Turkish War (1663–1664),http://www.wikidata.org/entity/Q20526364
Second Battle of Zrínyiújvár,1663-11-27,day,Novi Zrin,46.3241,16.8785,Mehmed IV,Q170098,Austro-Turkish War (1663–1664),http://www.wikidata.org/entity/Q1212536
Battle of Várad,1664-05-27,day,Oradea,47.0722,21.9211,Mehmed IV,Q170098,Austro-Turkish War (1663–1664),http://www.wikidata.org/entity/Q1461914
Battle of Saint Gotthard,1664-08-01,month,Szentgotthárd,46.9525,16.2736,Mehmed IV,Q170098,Austro-Turkish War (1663–1664),http://www.wikidata.org/entity/Q170113
Battle of Porto Delphino,1665-11-27,day,Chios,38.4000,26.0167,Mehmed IV,Q170098,Cretan War (1645–1669),http://www.wikidata.org/entity/Q2889683
Battle of Gradac,1666-09-15,day,Gradac,43.1061,17.3411,Mehmed IV,Q170098,Cretan War (1645–1669),http://www.wikidata.org/entity/Q65128763
Battle of San Pelagio,1668-03-08,day,Heraklion,35.3403,25.1344,Mehmed IV,Q170098,Cretan War (1645–1669),http://www.wikidata.org/entity/Q118946383
Battle of Lesbos,1668-06-15,day,Lesbos,39.2100,26.2800,Mehmed IV,Q170098,Cretan War (1645–1669),http://www.wikidata.org/entity/Q118946393
Battle of Párkány,1683-10-07,day,Štúrovo,47.7992,18.7181,Mehmed IV,Q170098,Great Turkish War (1683–1699),http://www.wikidata.org/entity/Q694911
Battle of Chițcani (1683),1683-12-05,day,Chițcani,46.7856,29.6086,Mehmed IV,Q170098,Great Turkish War (1683–1699),http://www.wikidata.org/entity/Q4087377
