battleLabel,date,locationLabel,lat,lon,sultan,sultan_wikidata,part_ofLabel,wikidata_url
"Fall of Gallipoli","1354-03-01","Gelibolu","40.4139","26.6703","Orhan","Q179282","Byzantine–Ottoman wars","http://www.wikidata.org/entity/Q916266"
"Battle of Sapienza","1354-11-12","Sapientza","36.7717","21.7050","Orhan","Q179282","Venetian–Genoese Wars","http://www.wikidata.org/entity/Q2889681"
"Battle of Ihtiman","1355-01-01","Ihtiman","42.4400","23.8150","Orhan","Q179282","Bulgarian–Ottoman Wars","http://www.wikidata.org/entity/Q283984"
"Battle of Adrianópolis","1355-01-01","Edirne","41.6730","26.5736","Orhan","Q179282","","http://www.wikidata.org/entity/Q25433631"
"Naval Battle of Ognina","1356-01-01","Acireale","37.6125","15.1656","Orhan","Q179282","","http://www.wikidata.org/entity/Q3951347"
"Battle of Achelous","1359-01-01","Achelous River","38.3350","21.1042","Orhan","Q179282","Albanian-Epirote War of 1359","http://www.wikidata.org/entity/Q4870212"
"Battle of Achelous","1359-01-01","Achelous River","39.6768","21.1656","Orhan","Q179282","Albanian-Epirote War of 1359","http://www.wikidata.org/entity/Q4870212"
"Battle of Megara","1359-01-01","Megara Gulf","37.9500","23.3333","Orhan","Q179282","Crusades after Acre of 1291–1399","http://www.wikidata.org/entity/Q28554166"
"Battle of Sırp Sındığı","1364-01-01","Maritsa","42.1648","23.5959","Murad Iᵉʳ","Q170056","Ottoman Wars in Europe","http://www.wikidata.org/entity/Q4844238"
"Battle of Sırp Sındığı","1364-01-01","Maritsa","40.7381","26.0306","Murad Iᵉʳ","Q170056","Ottoman Wars in Europe","http://www.wikidata.org/entity/Q4844238"
"Reconquest of Gallipoli","1366-01-01","Gallipoli","40.3500","26.4500","Murad Iᵉʳ","Q170056","Byzantine–Ottoman wars","http://www.wikidata.org/entity/Q516507"
"Battle of Kosovo","1369-01-01","Zvečan","42.9100","20.8400","Murad Iᵉʳ","Q170056","Fall of the Serbian Empire","http://www.wikidata.org/entity/Q4871483"
"Battle of Maritsa","1371-09-26","Ormenio","41.7202","26.2127","Murad Iᵉʳ","Q170056","Serbian–Ottoman Wars","http://www.wikidata.org/entity/Q939570"
"Battle of Gardiki","1375-01-01","Gardiki Castle, Arcadia","37.2629","22.0584","Murad Iᵉʳ","Q170056","Byzantine–Latin wars","http://www.wikidata.org/entity/Q30622039"
"Battle of Pula","1379-05-15","Adriatic Sea","42.7758","15.4261","Murad Iᵉʳ","Q170056","War of Chioggia","http://www.wikidata.org/entity/Q11688129"
"Battle of Pločnik","1385-01-01","Pločnik","43.1978","21.3567","Murad Iᵉʳ","Q170056","Ottoman Wars in Europe","http://www.wikidata.org/entity/Q612288"
"Battle of Savra","1385-09-26","Lushnjë","40.9333","19.7000","Murad Iᵉʳ","Q170056","Ottoman Wars in Europe","http://www.wikidata.org/entity/Q2603935"
"Battle of Bileća","1388-09-03","Bileća","42.8667","18.4333","Murad Iᵉʳ","Q170056","Ottoman conquest of Bosnia and Herzegovina","http://www.wikidata.org/entity/Q700874"
"Battle of Kosovo","1389-07-06","Kosovo Field","42.7175","21.0850","Bayezid Iᵉʳ","Q170058","Ottoman Wars in Europe","http://www.wikidata.org/entity/Q179288"
"Battle of Ascoli","1392-04-18","Ascoli Piceno","42.8547","13.5753","Bayezid Iᵉʳ","Q170058","","http://www.wikidata.org/entity/Q20875410"
"Battle of Ascoli","1392-04-18","Ascoli Satriano","41.2156","15.5578","Bayezid Iᵉʳ","Q170058","","http://www.wikidata.org/entity/Q20875410"
"Battle of Argeș","1394-10-10","Argeș River","45.3647","24.6304","Bayezid Iᵉʳ","Q170058","","http://www.wikidata.org/entity/Q4871384"
"Battle of Argeș","1394-10-10","Argeș River","44.0587","26.6169","Bayezid Iᵉʳ","Q170058","","http://www.wikidata.org/entity/Q4871384"
"Battle of Nicopolis","1396-09-25","Nikopol","43.6986","24.8924","Bayezid Iᵉʳ","Q170058","Ottoman Wars in Europe","http://www.wikidata.org/entity/Q212220"
"Battle of Akçay","1398-01-01","Akçay","39.5858","26.9239","Bayezid Iᵉʳ","Q170058","Ottoman Wars in Asia","http://www.wikidata.org/entity/Q115177789"
"Battle of Tripolje","1402-11-30","Gračanica monastery","42.5983","21.1933","Interrègne","","Ottoman Wars in Europe","http://www.wikidata.org/entity/Q3395349"
"Battle of Modon","1403-10-16","Methoni","36.8217","21.7069","Interrègne","","Venetian–Genoese Wars","http://www.wikidata.org/entity/Q30601771"
"Battle of Kosmidion","1410-06-24","Eyüp","41.0800","28.9378","Interrègne","","Ottoman Interregnum","http://www.wikidata.org/entity/Q4871484"
"Battle of Çamurlu","1413-07-14","Samokov","42.3371","23.5554","Mehmed Iᵉʳ","Q170060","Ottoman Interregnum","http://www.wikidata.org/entity/Q4817327"
"Battle of Karaburun","1416-01-01","Karaburun district","38.6359","26.5097","Mehmed Iᵉʳ","Q170060","","http://www.wikidata.org/entity/Q137205376"
"Battle of Manisa","1416-01-01","Manisa","38.6119","27.4264","Mehmed Iᵉʳ","Q170060","","http://www.wikidata.org/entity/Q137380181"
"Battle of Thessalonica","1416-01-01","Thessaloniki","40.6403","22.9356","Mehmed Iᵉʳ","Q170060","","http://www.wikidata.org/entity/Q137393345"
"Battle of Gallipoli","1416-06-07","Gelibolu","40.4139","26.6703","Mehmed Iᵉʳ","Q170060","Ottoman–Venetian Wars","http://www.wikidata.org/entity/Q30600045"
"Battle of Radkersburg","1418-10-14","Bad Radkersburg","46.6897","15.9886","Mehmed Iᵉʳ","Q170060","","http://www.wikidata.org/entity/Q112166363"
"Battle of the Navy","1420-09-01","Naples","40.8358","14.2486","Mehmed Iᵉʳ","Q170060","Mediterranean campaign of Alfonso V of Aragon","http://www.wikidata.org/entity/Q20876304"
"Battle of Ulubad","1422-01-01","Lake Uluabat","40.1726","28.5908","Murad II","Q170062","","http://www.wikidata.org/entity/Q137393467"
"Battle of Gallipoli","1422-01-01","Gallipoli","40.3500","26.4500","Murad II","Q170062","","http://www.wikidata.org/entity/Q137427251"
"Battle of İznik","1423-02-01","İznik","40.4289","29.7194","Murad II","Q170062","","http://www.wikidata.org/entity/Q137460687"
"Battle of Davia","1423-06-14","Morea","37.3497","22.3522","Murad II","Q170062","1423 Morea expedition","http://www.wikidata.org/entity/Q109393823"
"Battle of Gülnas","1425-01-01","Akhisar","38.9241","27.8402","Murad II","Q170062","Ottoman conquest of the Beylik of Aydin","http://www.wikidata.org/entity/Q109392680"
"Battle of the Echinades","1427-01-01","Echinades","38.3036","21.1108","Murad II","Q170062","Byzantine–Latin wars","http://www.wikidata.org/entity/Q2890722"
"Battle of Ponza","1435-08-14","Pontine Islands","40.8847","13.1542","Murad II","Q170062","Aragonese conquest of Naples","http://www.wikidata.org/entity/Q2274566"
"Action of 1440","1440-01-01","Aegean Sea","38.5000","25.3000","Murad II","Q170062","","http://www.wikidata.org/entity/Q98526407"
"Siege of Belgrade","1440-04-01","Belgrade","44.8178","20.4569","Murad II","Q170062","Serbian–Ottoman Wars","http://www.wikidata.org/entity/Q12756567"
"Siege of Belgrade","1440-04-01","Belgrade","44.8178","20.4569","Murad II","Q170062","Hungarian–Ottoman War","http://www.wikidata.org/entity/Q12756567"
"Battle of Hermannstadt","1442-03-18","Sântimbru","46.1218","23.6657","Murad II","Q170062","Ottoman Wars in Europe","http://www.wikidata.org/entity/Q1711538"
"Q115732142","1442-03-27","Sântimbru","46.1218","23.6657","Murad II","Q170062","Ottoman Wars in Europe","http://www.wikidata.org/entity/Q115732142"
"Battle of Hermannstadt","1442-03-31","Sântimbru","46.1218","23.6657","Murad II","Q170062","Ottoman Wars in Europe","http://www.wikidata.org/entity/Q1711538"
"Battle of Zajkány","1442-09-15","Iron Gate of Transylvania Pass","45.5071","22.6741","Murad II","Q170062","Ottoman–Hungarian Wars","http://www.wikidata.org/entity/Q103710623"
"Battle of Zajkány","1442-09-15","Iron Gate of Transylvania Pass","45.5072","22.6736","Murad II","Q170062","Ottoman–Hungarian Wars","http://www.wikidata.org/entity/Q103710623"
"Battle of Zajkány","1442-09-15","Iron Gate of Transylvania Pass","45.5100","22.6879","Murad II","Q170062","Ottoman–Hungarian Wars","http://www.wikidata.org/entity/Q103710623"
"Battle of Niš","1443-11-01","Niš","43.3192","21.8961","Murad II","Q170062","Crusade of Varna","http://www.wikidata.org/entity/Q3339470"
"Liberation of Krujë","1443-12-07","Krujë","41.5108","19.7925","Murad II","Q170062","Skanderbeg's Albanian campaign","http://www.wikidata.org/entity/Q131583820"
"Battle of Zlatica","1443-12-21","Zlatitsa","42.7134","24.1391","Murad II","Q170062","Crusade of Varna","http://www.wikidata.org/entity/Q18639123"
"Battle of Kunovica","1444-01-14","Kunovica","43.3000","22.0967","Murad II","Q170062","Crusade of Varna","http://www.wikidata.org/entity/Q12754327"
"Battle of Torvioll","1444-07-08","Plain of Torvioll","41.7667","20.3667","Murad II","Q170062","Skanderbeg's Albanian campaign","http://www.wikidata.org/entity/Q1934137"
"Battle of Varna","1444-11-10","Varna","43.2114","27.9111","Mehmed II","Q45659","Crusade of Varna","http://www.wikidata.org/entity/Q32832"
"Battle of Mokra","1445-10-19","Jakupica","41.7042","21.4053","Mehmed II","Q45659","Skanderbeg's Albanian campaign","http://www.wikidata.org/entity/Q3300868"
"Battle of Otonetë","1446-10-06","Debar","41.5250","20.5272","Murad II","Q170062","Skanderbeg's Albanian campaign","http://www.wikidata.org/entity/Q3302743"
"Battle of Oranik","1448-08-23","Debar","41.5250","20.5272","Murad II","Q170062","Albanian–Venetian War","http://www.wikidata.org/entity/Q3301210"
"Battle of Oranik","1448-08-23","Debar","41.5250","20.5272","Murad II","Q170062","Skanderbeg's rebellion","http://www.wikidata.org/entity/Q3301210"
"Battle of Kosovo","1448-10-26","Kosovo Polje","42.6383","21.0975","Murad II","Q170062","Ottoman Wars in Europe","http://www.wikidata.org/entity/Q698706"
"Battle of Kosovo","1448-10-26","Kosovo Polje","42.6383","21.0975","Murad II","Q170062","Ottoman–Hungarian Wars","http://www.wikidata.org/entity/Q698706"
"Fall of Constantinople","1453-04-15","Constantinople","41.0125","28.9800","Mehmed II","Q45659","Byzantine–Ottoman wars","http://www.wikidata.org/entity/Q160077"
"Fall of Constantinople","1453-04-15","Constantinople","41.0125","28.9800","Mehmed II","Q45659","Ottoman Wars in Europe","http://www.wikidata.org/entity/Q160077"
"Battle of the Bosphorus","1453-04-20","Bosporus Strait","41.1200","29.0800","Mehmed II","Q45659","Fall of Constantinople","http://www.wikidata.org/entity/Q2890732"
"Battle of Pollog","1453-04-22","Polog","41.9580","20.9649","Mehmed II","Q45659","Ottoman Wars in Europe","http://www.wikidata.org/entity/Q3304647"
"Battle of Kruševac","1454-10-02","Kruševac","43.5833","21.3267","Mehmed II","Q45659","Ottoman Wars in Europe","http://www.wikidata.org/entity/Q3395325"
"Battle of Oranik","1456-05-27","Debar","41.5250","20.5272","Mehmed II","Q45659","Ottoman Wars in Europe","http://www.wikidata.org/entity/Q3298782"
"Battle of Oranik","1456-05-27","Debar","41.5250","20.5272","Mehmed II","Q45659","Skanderbeg's rebellion","http://www.wikidata.org/entity/Q3298782"
"Siege of Belgrade","1456-07-13","Belgrade","44.8178","20.4569","Mehmed II","Q45659","Serbian–Ottoman Wars","http://www.wikidata.org/entity/Q244980"
"Siege of Belgrade","1456-07-13","Belgrade","44.8178","20.4569","Mehmed II","Q45659","Hungarian–Ottoman War","http://www.wikidata.org/entity/Q244980"
"Battle of Orbic","1457-01-01","Romania","46.0000","25.0000","Mehmed II","Q45659","","http://www.wikidata.org/entity/Q4870887"
"Battle of Albulena","1457-09-11","Laç","41.6353","19.7131","Mehmed II","Q45659","Ottoman Wars in Europe","http://www.wikidata.org/entity/Q74072"
"Siege of Corinth","1458-05-24","Corinth","37.9386","22.9272","Mehmed II","Q45659","Ottoman conquest of the Morea","http://www.wikidata.org/entity/Q135522442"
"Battle of the Sarno","1460-07-16","Longola","40.7951","14.5750","Mehmed II","Q45659","","http://www.wikidata.org/entity/Q25203614"
"Battle of Tordino","1460-07-31","Giulianova","42.7525","13.9567","Mehmed II","Q45659","conspiracy of the Barons","http://www.wikidata.org/entity/Q47162751"
"Battle of Baziaș","1460-11-17","Baziaș","44.8159","21.3905","Mehmed II","Q45659","Hungarian–Ottoman War","http://www.wikidata.org/entity/Q134172224"
"Battle of Buzău","1462-01-01","Buzău","45.1517","26.8167","Mehmed II","Q45659","Ottoman–Wallachian wars","http://www.wikidata.org/entity/Q138303833"
"Battle of Turnu","1462-01-01","Turnu Măgurele","43.7517","24.8708","Mehmed II","Q45659","Ottoman–Wallachian wars","http://www.wikidata.org/entity/Q138545197"
"Battle of Turnu","1462-01-01","Turnu Măgurele","43.7517","24.8708","Mehmed II","Q45659","Ottoman–Wallachian wars","http://www.wikidata.org/entity/Q138545197"
"Night attack at Târgoviște","1462-06-26","Târgoviște","44.9244","25.4572","Mehmed II","Q45659","Ottoman–Wallachian wars","http://www.wikidata.org/entity/Q2022139"
"Battle of Cesano","1462-08-21","Cesano","43.7505","13.1723","Mehmed II","Q45659","Italian Renaissance","http://www.wikidata.org/entity/Q109301504"
"Battle of Troia","1462-08-27","Troia","41.3667","15.3000","Mehmed II","Q45659","conspiracy of the Barons","http://www.wikidata.org/entity/Q85859822"
"Battle of Kljuc","1463-01-01","Ključ","44.5333","16.7667","Mehmed II","Q45659","Ottoman conquest of Bosnia and Herzegovina","http://www.wikidata.org/entity/Q121283166"
"Battle of Kljuc","1463-01-01","Ključ","44.5325","16.7769","Mehmed II","Q45659","Ottoman conquest of Bosnia and Herzegovina","http://www.wikidata.org/entity/Q121283166"
"Battle of Zvornik","1464-01-01","Zvornik","44.3833","19.1000","Mehmed II","Q45659","Ottoman–Hungarian Wars","http://www.wikidata.org/entity/Q120176387"
"Battle of Mystras","1464-08-01","Mystras","37.0740","22.3673","Mehmed II","Q45659","First Ottoman–Venetian War","http://www.wikidata.org/entity/Q137360136"
"Battle of Ohrid","1464-09-23","Ohrid","41.1169","20.8019","Mehmed II","Q45659","Ottoman Wars in Europe","http://www.wikidata.org/entity/Q3338499"
"Battle of Meçad","1465-01-01","Debar","41.5250","20.5272","Mehmed II","Q45659","Ottoman Wars in Europe","http://www.wikidata.org/entity/Q4871725"
"Battle of Vaikal","1465-04-10","Ohrid","41.1169","20.8019","Mehmed II","Q45659","Ottoman Wars in Europe","http://www.wikidata.org/entity/Q4872638"
"Battle of Patras","1466-08-01","Patras","38.2500","21.7333","Mehmed II","Q45659","First Ottoman–Venetian War","http://www.wikidata.org/entity/Q119167274"
"Battle of Patras","1466-08-24","Patras","38.2500","21.7333","Mehmed II","Q45659","First Ottoman–Venetian War","http://www.wikidata.org/entity/Q118929878"
"Battle of Baia","1467-12-15","Baia","47.4203","26.2169","Mehmed II","Q45659","","http://www.wikidata.org/entity/Q2510875"
"Battle of Vaslui","1475-01-10","Vaslui","46.6383","27.7292","Mehmed II","Q45659","Ottoman–Hungarian Wars","http://www.wikidata.org/entity/Q1073358"
"Battle of Valea Albă","1476-07-26","Războieni","47.0783","26.5603","Mehmed II","Q45659","Moldavian–Ottoman Wars","http://www.wikidata.org/entity/Q2533670"
"Battle of Isonzo","1477-10-01","Soča","45.7247","13.5561","Mehmed II","Q45659","First Ottoman–Venetian War","http://www.wikidata.org/entity/Q127592395"
"Battle of Isonzo","1477-10-01","Soča","45.9944","13.6414","Mehmed II","Q45659","First Ottoman–Venetian War","http://www.wikidata.org/entity/Q127592395"
"Battle of Isonzo","1477-10-01","Soča","46.4119","13.7225","Mehmed II","Q45659","First Ottoman–Venetian War","http://www.wikidata.org/entity/Q127592395"
"Battle of Lucinico","1477-11-09","Lucinico","45.9333","13.5667","Mehmed II","Q45659","First Ottoman–Venetian War","http://www.wikidata.org/entity/Q118929868"
"Battle of Breadfield","1479-10-22","Breadfield","45.9283","23.3289","Mehmed II","Q45659","Ottoman–Hungarian Wars","http://www.wikidata.org/entity/Q690291"
"Ottoman invasion of Otranto","1480-07-01","Otranto","40.1478","18.4859","Mehmed II","Q45659","Ottoman Wars in Europe","http://www.wikidata.org/entity/Q695198"
"Ottoman invasion of Otranto","1480-07-01","Otranto","40.1478","18.4859","Mehmed II","Q45659","Ottoman–Hungarian Wars","http://www.wikidata.org/entity/Q695198"
"Ottoman invasion of Otranto","1481-09-01","Otranto","40.1478","18.4859","Bayezid II","Q170068","Ottoman Wars in Europe","http://www.wikidata.org/entity/Q695198"
"Ottoman invasion of Otranto","1481-09-01","Otranto","40.1478","18.4859","Bayezid II","Q170068","Ottoman–Hungarian Wars","http://www.wikidata.org/entity/Q695198"
"Battle of Una","1483-11-07","Novi Grad","45.0464","16.3778","Bayezid II","Q170068","Ottoman Wars in Europe","http://www.wikidata.org/entity/Q18162714"
"Battle of Una","1483-11-07","Novi Grad","45.0464","16.3778","Bayezid II","Q170068","Hundred Years' Croatian–Ottoman War","http://www.wikidata.org/entity/Q18162714"
"Battle of Cătlăbuga","1485-11-25","Kiliia","45.4408","29.2651","Bayezid II","Q170068","Moldavian–Ottoman Wars","http://www.wikidata.org/entity/Q2435832"
"Battle of Bonefield","1490-07-13","Kölesd","46.5103","18.5904","Bayezid II","Q170068","","http://www.wikidata.org/entity/Q125394961"
"Battle of Villach","1492-01-01","Villach","46.6167","13.8333","Bayezid II","Q170068","","http://www.wikidata.org/entity/Q108910776"
"Battle of Krbava Field","1493-09-09","Krbavsko Plain","44.6059","15.7017","Bayezid II","Q170068","Ottoman Wars in Europe","http://www.wikidata.org/entity/Q694379"
"Battle of Seminara","1495-07-07","Seminara","38.3333","15.8667","Bayezid II","Q170068","Italian War of 1494–1495","http://www.wikidata.org/entity/Q2670926"
"Battle of Karpathos","1498-07-01","Karpathos","35.5833","27.1333","Bayezid II","Q170068","","http://www.wikidata.org/entity/Q118946809"
"Battle of Zonchio","1499-09-03","Pylos","36.9139","21.6964","Bayezid II","Q170068","Second Ottoman–Venetian War","http://www.wikidata.org/entity/Q2351714"
"Battle of Modon","1500-08-03","Methoni","36.8217","21.7069","Bayezid II","Q170068","Second Ottoman–Venetian War","http://www.wikidata.org/entity/Q2597432"
"Fall of Navarino","1501-06-07","Pylos","36.9139","21.6964","Bayezid II","Q170068","Second Ottoman–Venetian War","http://www.wikidata.org/entity/Q137662207"
"Fall of Durrës","1501-08-27","Durrës","41.3133","19.4458","Bayezid II","Q170068","Second Ottoman–Venetian War","http://www.wikidata.org/entity/Q137662208"
"Battle of Ruvo","1503-02-23","Ruvo di Puglia","41.1173","16.4837","Bayezid II","Q170068","Second War of Naples","http://www.wikidata.org/entity/Q2072513"
"Battle of Cerignola","1503-05-08","Cerignola","41.2667","15.9000","Bayezid II","Q170068","Second War of Naples","http://www.wikidata.org/entity/Q2264459"
"Battle of Garigliano","1504-01-08","Gaeta","41.2167","13.5667","Bayezid II","Q170068","Italian Wars of 1499–1504","http://www.wikidata.org/entity/Q1443091"
"Battle of Yenişehir","1513-05-04","Yenişehir","40.2644","29.6531","Selim Iᵉʳ","Q170071","Ottoman Civil War of 1509–13","http://www.wikidata.org/entity/Q85976551"
"Battle of Dubica","1513-08-16","Hrvatska Dubica","45.1893","16.7985","Selim Iᵉʳ","Q170071","Ottoman Wars in Europe","http://www.wikidata.org/entity/Q18712913"
"Battle of Dubica","1513-08-16","Hrvatska Dubica","45.1897","16.7986","Selim Iᵉʳ","Q170071","Ottoman Wars in Europe","http://www.wikidata.org/entity/Q18712913"
"Battle of Jajce","1518-01-01","Jajce","44.3403","17.2572","Selim Iᵉʳ","Q170071","","http://www.wikidata.org/entity/Q60789146"
"Siege of Belgrade","1521-07-05","Belgrade","44.8178","20.4569","Soliman Iᵉʳ","Q44058","Hungarian–Ottoman War","http://www.wikidata.org/entity/Q535542"
"Siege of Rhodes","1522-07-06","Rhodes","36.1700","27.9200","Soliman Iᵉʳ","Q44058","Ottoman Wars in Europe","http://www.wikidata.org/entity/Q767935"
"Q136033321","1525-07-13","Schladming","47.3942","13.6892","Soliman Iᵉʳ","Q44058","","http://www.wikidata.org/entity/Q136033321"
"Battle of Mohács","1526-08-29","Sátorhely","45.9414","18.6335","Soliman Iᵉʳ","Q44058","Hungarian–Ottoman War","http://www.wikidata.org/entity/Q178510"
"Battle of Szőlős","1527-05-01","Seleuș","46.3833","21.7167","Soliman Iᵉʳ","Q44058","Hungarian campaign of 1527–1528","http://www.wikidata.org/entity/Q1314226"
"Battle of Szőlős","1527-05-01","Seleuș","46.3833","21.7167","Soliman Iᵉʳ","Q44058","Q132255142","http://www.wikidata.org/entity/Q1314226"
"Battle of Capo d'Orso","1528-05-08","Gulf of Salerno","40.5167","14.7000","Soliman Iᵉʳ","Q44058","War of the League of Cognac","http://www.wikidata.org/entity/Q38251286"
"Attack on Modon","1531-09-11","Methoni","36.8217","21.7069","Soliman Iᵉʳ","Q44058","Ottoman–Habsburg Wars","http://www.wikidata.org/entity/Q134437692"
"Siege of Güns","1532-08-15","Kőszeg","47.3888","16.5407","Soliman Iᵉʳ","Q44058","Habsburg–Ottoman wars in Hungary","http://www.wikidata.org/entity/Q673641"
"Battle of Leobersdorf","1532-09-29","Leobersdorf","47.9286","16.2167","Soliman Iᵉʳ","Q44058","Habsburg–Ottoman wars in Hungary","http://www.wikidata.org/entity/Q368207"
"Battle of Antipaxos","1537-08-01","Antipaxos","39.1486","20.2314","Soliman Iᵉʳ","Q44058","Ottoman–Spanish War","http://www.wikidata.org/entity/Q134994090"
"Battle of Đakovo","1537-10-09","Gorjani","45.4000","18.3667","Soliman Iᵉʳ","Q44058","Habsburg–Ottoman wars in Hungary","http://www.wikidata.org/entity/Q904938"
"Battle of Preveza","1538-10-08","Ionian Sea","38.0000","19.0000","Soliman Iᵉʳ","Q44058","Third Ottoman–Venetian War","http://www.wikidata.org/entity/Q1054975"
"Battle of Preveza","1538-10-08","Preveza","38.9575","20.7517","Soliman Iᵉʳ","Q44058","Third Ottoman–Venetian War","http://www.wikidata.org/entity/Q1054975"
"Battle of Otočac (1543)","1543-08-01","Otočac","44.8697","15.2372","Soliman Iᵉʳ","Q44058","Hundred Years' Croatian–Ottoman War","http://www.wikidata.org/entity/Q134592293"
"Battle of Szeged","1552-02-01","Szeged","46.2500","20.1667","Soliman Iᵉʳ","Q44058","Habsburg–Ottoman wars in Hungary","http://www.wikidata.org/entity/Q132528606"
"Battle of Szeged","1552-02-01","Szeged","46.2500","20.1667","Soliman Iᵉʳ","Q44058","Habsburg–Ottoman war of 1551–1562","http://www.wikidata.org/entity/Q132528606"
"Battle of Szeged","1552-03-11","Szeged","46.2500","20.1667","Soliman Iᵉʳ","Q44058","Habsburg–Ottoman wars in Hungary","http://www.wikidata.org/entity/Q132528606"
"Battle of Szeged","1552-03-11","Szeged","46.2500","20.1667","Soliman Iᵉʳ","Q44058","Habsburg–Ottoman war of 1551–1562","http://www.wikidata.org/entity/Q132528606"
"Battle of Hrastovica","1561-01-01","Brest Pokupski","45.4533","16.2570","Soliman Iᵉʳ","Q44058","","http://www.wikidata.org/entity/Q60789142"
"Battle of Lipari","1561-07-01","Lipari","38.4673","14.9554","Soliman Iᵉʳ","Q44058","Ottoman–Spanish War","http://www.wikidata.org/entity/Q118946352"
"Battle of Verbia","1561-11-28","Dimăcheni","47.9047","26.5824","Soliman Iᵉʳ","Q44058","","http://www.wikidata.org/entity/Q61748935"
"Battle of Kriegsdorf","1562-03-14","Hodod","47.4033","23.0264","Soliman Iᵉʳ","Q44058","","http://www.wikidata.org/entity/Q1032382"
"Siege of Malta","1565-05-28","Grand Harbour","35.8950","14.5206","Soliman Iᵉʳ","Q44058","Ottoman–Habsburg Wars","http://www.wikidata.org/entity/Q58732"
"Battle of Obreška","1565-09-20","Ivanić-Grad","45.7081","16.3947","Soliman Iᵉʳ","Q44058","","http://www.wikidata.org/entity/Q60766070"
"Siege of Szigetvár","1566-08-16","Szigetvár","46.0475","17.7994","Soliman Iᵉʳ","Q44058","Ottoman Wars in Europe","http://www.wikidata.org/entity/Q606621"
"Siege of Szigetvár","1566-08-16","Szigetvár","46.0475","17.7994","Soliman Iᵉʳ","Q44058","Ottoman–Habsburg Wars","http://www.wikidata.org/entity/Q606621"
"Action of 1570","1570-07-25","Mediterranean Sea","38.0000","17.0000","Selim II","Q170074","Ottoman–Venetian War of 1570–1573","http://www.wikidata.org/entity/Q16146533"
"1571 Ottoman attack on Brač","1571-01-01","Brač","43.3111","16.6656","Selim II","Q170074","Ottoman–Venetian War of 1570–1573","http://www.wikidata.org/entity/Q97945483"
"Battle of Lepanto","1571-10-17","Gulf of Corinth","38.2000","22.5000","Selim II","Q170074","Ottoman–Venetian War of 1570–1573","http://www.wikidata.org/entity/Q165425"
"Battle of Lepanto","1571-10-17","Nafpaktos","38.3917","21.8275","Selim II","Q170074","Ottoman–Venetian War of 1570–1573","http://www.wikidata.org/entity/Q165425"
"Battle of Lepanto","1571-10-17","Gulf of Patras","38.2586","21.6086","Selim II","Q170074","Ottoman–Venetian War of 1570–1573","http://www.wikidata.org/entity/Q165425"
"Battle of Lepanto","1571-10-17","Gulf of Corinth","38.2000","22.5000","Selim II","Q170074","Ottoman–Spanish War","http://www.wikidata.org/entity/Q165425"
"Battle of Lepanto","1571-10-17","Nafpaktos","38.3917","21.8275","Selim II","Q170074","Ottoman–Spanish War","http://www.wikidata.org/entity/Q165425"
"Battle of Lepanto","1571-10-17","Gulf of Patras","38.2586","21.6086","Selim II","Q170074","Ottoman–Spanish War","http://www.wikidata.org/entity/Q165425"
"Battle of Krško (1573)","1573-02-15","Krško","45.9590","15.4922","Selim II","Q170074","Croatian–Slovene peasant revolt","http://www.wikidata.org/entity/Q61134278"
"Battle of Stubica","1573-02-19","Donja Stubica","45.9833","15.9667","Selim II","Q170074","Croatian–Slovene peasant revolt","http://www.wikidata.org/entity/Q20437661"
"Battle of Lake Kahul","1574-06-20","Lake Kahul","45.3714","28.3968","Selim II","Q170074","Ottoman expedition to Moldavia","http://www.wikidata.org/entity/Q12082738"
"Battle of Klis","1583-01-01","Klis","43.5667","16.5167","Murad III","Q170076","Ottoman–Habsburg Wars","http://www.wikidata.org/entity/Q135688890"
"Battle of Slunj","1584-10-26","Slunj","45.1156","15.5847","Murad III","Q170076","Ottoman Wars in Europe","http://www.wikidata.org/entity/Q17515519"
"Battle of Brest","1592-07-19","Brest Pokupski","45.4533","16.2570","Murad III","Q170076","Ottoman Wars in Europe","http://www.wikidata.org/entity/Q17515442"
"Siege of Tata (1593)","1593-01-01","Tata Castle","47.6489","18.3194","Murad III","Q170076","Long War","http://www.wikidata.org/entity/Q52256876"
"Battle of Sisak","1593-06-22","Sisak","45.4872","16.3761","Murad III","Q170076","Long War","http://www.wikidata.org/entity/Q701335"
"Battle of Sisak","1593-06-22","Sisak","45.4872","16.3761","Murad III","Q170076","Ottoman Wars in Europe","http://www.wikidata.org/entity/Q701335"
"Battle of Sisak","1593-06-22","Sisak","45.4872","16.3761","Murad III","Q170076","Hundred Years' Croatian–Ottoman War","http://www.wikidata.org/entity/Q701335"
"Battle of Pákozd","1593-11-03","Pákozd","47.2211","18.5449","Murad III","Q170076","","http://www.wikidata.org/entity/Q64667692"
"Battle of Székesfehérvár","1593-11-04","Székesfehérvár","47.1910","18.4108","Murad III","Q170076","Long War","http://www.wikidata.org/entity/Q52256924"
"Siege of Győr","1594-01-01","Győr","47.6842","17.6344","Murad III","Q170076","Long War","http://www.wikidata.org/entity/Q52257096"
"Siege of Győr","1594-07-31","Győr","47.6842","17.6344","Murad III","Q170076","Long War","http://www.wikidata.org/entity/Q52257096"
"Action of 17 June 1595","1595-06-17","Syracuse","37.0692","15.2875","Mehmed III","Q170078","Ottoman–Habsburg Wars","http://www.wikidata.org/entity/Q4677261"
"Siege of Esztergom","1595-08-04","Esztergom","47.7856","18.7403","Mehmed III","Q170078","Long War","http://www.wikidata.org/entity/Q52258033"
"Battle of Călugăreni","1595-08-23","Călugăreni","44.1833","26.0000","Mehmed III","Q170078","Long War","http://www.wikidata.org/entity/Q2540658"
"Battle of Cecora","1595-10-19","Chișinău","47.0228","28.8353","Mehmed III","Q170078","Moldavian Magnate Wars","http://www.wikidata.org/entity/Q720801"
"Battle of Giurgiu (1595)","1595-10-27","Giurgiu","43.9000","25.9667","Mehmed III","Q170078","Long War","http://www.wikidata.org/entity/Q12723161"
"Battle of Suceava","1595-12-12","Suceava","47.6514","26.2556","Mehmed III","Q170078","Moldavian Magnate Wars","http://www.wikidata.org/entity/Q16822713"
"Battle of Keresztes","1596-01-01","Mezőkeresztes","47.8254","20.6881","Mehmed III","Q170078","Long War","http://www.wikidata.org/entity/Q690495"
"Battle of Brest","1596-09-19","Brest Pokupski","45.4533","16.2570","Mehmed III","Q170078","Hundred Years' Croatian–Ottoman War","http://www.wikidata.org/entity/Q20434929"
"Battle of Keresztes","1596-10-24","Mezőkeresztes","47.8254","20.6881","Mehmed III","Q170078","Long War","http://www.wikidata.org/entity/Q690495"
"Siege of Tata","1597-01-01","Tata Castle","47.6489","18.3194","Mehmed III","Q170078","Long War","http://www.wikidata.org/entity/Q52259637"
"Siege of Buda","1598-01-01","Buda","47.4667","19.0500","Mehmed III","Q170078","Long War","http://www.wikidata.org/entity/Q27832144"
"Siege of Győr","1598-01-01","Győr","47.6842","17.6344","Mehmed III","Q170078","Long War","http://www.wikidata.org/entity/Q28722719"
"Siege of Várad (1598)","1598-01-01","Oradea Citadel","47.0516","21.9429","Mehmed III","Q170078","Long War","http://www.wikidata.org/entity/Q136490463"
"Siege of Győr","1598-03-28","Győr","47.6842","17.6344","Mehmed III","Q170078","Long War","http://www.wikidata.org/entity/Q28722719"
"Siege of Várad (1598)","1598-09-29","Oradea Citadel","47.0516","21.9429","Mehmed III","Q170078","Long War","http://www.wikidata.org/entity/Q136490463"
"Siege of Buda","1598-10-05","Buda","47.4667","19.0500","Mehmed III","Q170078","Long War","http://www.wikidata.org/entity/Q27832144"
"Battle of Sellenberk","1599-10-28","Șelimbăr","45.7667","24.2000","Mehmed III","Q170078","Long War","http://www.wikidata.org/entity/Q592069"
"Battle of Sellenberk","1599-10-28","Șelimbăr","45.7667","24.2000","Mehmed III","Q170078","Ottoman Wars in Europe","http://www.wikidata.org/entity/Q592069"
"Battle of Mirăslău","1600-09-18","Mirăslău","46.3608","23.7056","Mehmed III","Q170078","Long War","http://www.wikidata.org/entity/Q722205"
"Battle of Bucov","1600-10-20","Bucov","44.9667","26.0833","Mehmed III","Q170078","Moldavian Magnate Wars","http://www.wikidata.org/entity/Q15977779"
"Battle of Guruslău","1601-08-03","Hereclean","47.2663","22.9918","Mehmed III","Q170078","Long War","http://www.wikidata.org/entity/Q3565441"
"siege of Székesfehérvár","1602-08-12","Székesfehérvár","47.1910","18.4108","Mehmed III","Q170078","Long War","http://www.wikidata.org/entity/Q52260540"
"Siege of Buda","1603-01-01","Buda","47.4667","19.0500","Mehmed III","Q170078","Long War","http://www.wikidata.org/entity/Q27673363"
"Capture of Lepanto","1603-05-01","Patras","38.2500","21.7333","Mehmed III","Q170078","","http://www.wikidata.org/entity/Q3910855"
"Capture of Lepanto","1603-05-01","Nafpaktos","38.3917","21.8275","Mehmed III","Q170078","","http://www.wikidata.org/entity/Q3910855"
"Battle of Braşov","1603-07-17","Brașov","45.6522","25.6106","Mehmed III","Q170078","Long War","http://www.wikidata.org/entity/Q3565434"
"Siege of Buda","1603-09-20","Buda","47.4667","19.0500","Mehmed III","Q170078","Long War","http://www.wikidata.org/entity/Q27673363"
"Battle of Varna","1606-01-01","Varna","43.2114","27.9111","Ahmed Iᵉʳ","Q170082","Zaporozhian Cossacks' naval expeditions","http://www.wikidata.org/entity/Q135466948"
"Battle of Cape Corvo","1613-08-01","Karaburun Peninsula","38.5702","26.4757","Ahmed Iᵉʳ","Q170082","Ottoman–Spanish War","http://www.wikidata.org/entity/Q4870641"
"Action of 29 April 1616","1616-04-29","Euboea","38.5000","24.0000","Ahmed Iᵉʳ","Q170082","","http://www.wikidata.org/entity/Q4677335"
"Battle of Ragusa","1617-11-22","Dubrovnik","42.6403","18.1083","Mustafa Iᵉʳ","Q329810","Uskok War","http://www.wikidata.org/entity/Q2889740"
"Battle of Ragusa","1617-11-22","Adriatic Sea","42.7758","15.4261","Mustafa Iᵉʳ","Q329810","Uskok War","http://www.wikidata.org/entity/Q2889740"
"Battle of Cecora","1620-01-01","Prut","45.4688","28.2072","Osman II","Q170088","Polish–Ottoman War of 1620–1621","http://www.wikidata.org/entity/Q650411"
"Battle of Cecora","1620-01-01","Țuțora","47.1562","27.7710","Osman II","Q170088","Polish–Ottoman War of 1620–1621","http://www.wikidata.org/entity/Q650411"
"Battle of Cecora","1620-09-17","Prut","45.4688","28.2072","Osman II","Q170088","Polish–Ottoman War of 1620–1621","http://www.wikidata.org/entity/Q650411"
"Battle of Cecora","1620-09-17","Țuțora","47.1562","27.7710","Osman II","Q170088","Polish–Ottoman War of 1620–1621","http://www.wikidata.org/entity/Q650411"
"Battle of Chios","1621-03-20","Chios","38.4000","26.0167","Osman II","Q170088","Spanish–Ottoman Wars","http://www.wikidata.org/entity/Q131584955"
"Battle of Palermo","1624-05-23","Palermo","38.1157","13.3613","Murad IV","Q170092","Spanish–Ottoman Wars","http://www.wikidata.org/entity/Q131585804"
"Battle of the Dalmatian Coast","1624-07-13","Dalmatia","43.8128","16.2188","Murad IV","Q170092","Spanish–Ottoman Wars","http://www.wikidata.org/entity/Q131584947"
"Action of 26 June 1625","1625-06-26","Syracuse","37.0692","15.2875","Murad IV","Q170092","","http://www.wikidata.org/entity/Q4677321"
"Battle of Sasowym Rogiem","1633-07-04","Q9333973","47.7947","27.2536","Murad IV","Q170092","Polish–Ottoman War of 1633–34","http://www.wikidata.org/entity/Q16495540"
"Battle of Valona","1638-08-01","Bay of Vlorë","40.4283","19.4281","Murad IV","Q170092","Ottoman–Venetian Wars","http://www.wikidata.org/entity/Q2890283"
"Action of 28 September 1644","1644-09-28","Rhodes","36.1700","27.9200","Ibrahim Iᵉʳ","Q170096","","http://www.wikidata.org/entity/Q4677334"
"Action of 26 May 1646","1646-03-31","Dardanelles","40.2000","26.4000","Ibrahim Iᵉʳ","Q170096","Cretan War of 1645-1669","http://www.wikidata.org/entity/Q4677324"
"Action of 26 May 1646","1646-03-31","Bozcaada","39.8167","26.0500","Ibrahim Iᵉʳ","Q170096","Cretan War of 1645-1669","http://www.wikidata.org/entity/Q4677324"
"Action of 26 May 1646","1646-05-26","Dardanelles","40.2000","26.4000","Ibrahim Iᵉʳ","Q170096","Cretan War of 1645-1669","http://www.wikidata.org/entity/Q4677324"
"Action of 26 May 1646","1646-05-26","Bozcaada","39.8167","26.0500","Ibrahim Iᵉʳ","Q170096","Cretan War of 1645-1669","http://www.wikidata.org/entity/Q4677324"
"Battle of Chania","1646-08-14","Chania","35.5167","24.0167","Ibrahim Iᵉʳ","Q170096","Cretan War of 1645-1669","http://www.wikidata.org/entity/Q128395513"
"Battle of Zadvarje","1646-08-24","Zadvarje","43.4314","16.8897","Ibrahim Iᵉʳ","Q170096","Cretan War of 1645-1669","http://www.wikidata.org/entity/Q97945413"
"Battle of Makronisos","1647-01-27","Makronisos","37.7000","24.1200","Ibrahim Iᵉʳ","Q170096","Cretan War of 1645-1669","http://www.wikidata.org/entity/Q118946339"
"Siege of Candia","1648-05-01","Heraklion","35.3403","25.1344","Ibrahim Iᵉʳ","Q170096","Cretan War of 1645-1669","http://www.wikidata.org/entity/Q701094"
"Battle of Focchies","1649-05-12","Foça district","38.6689","26.7528","Mehmed IV","Q170098","Cretan War of 1645-1669","http://www.wikidata.org/entity/Q2888513"
"Action of 10 July 1651","1651-07-10","Naxos Island","37.0833","25.4667","Mehmed IV","Q170098","Cretan War of 1645-1669","http://www.wikidata.org/entity/Q2889584"
"Battle of Elba","1652-09-06","Mediterranean Sea","38.0000","17.0000","Mehmed IV","Q170098","First Anglo-Dutch War","http://www.wikidata.org/entity/Q1814482"
"Battle of Finta","1653-05-27","Finta","44.7903","25.7950","Mehmed IV","Q170098","Moldavian campaign of Tymofiy Khmelnytsky","http://www.wikidata.org/entity/Q2576318"
"Battle of Perast","1654-05-15","Perast","42.4869","18.6992","Mehmed IV","Q170098","Cretan War of 1645-1669","http://www.wikidata.org/entity/Q20526599"
"Battle of the Dardanelles","1654-05-16","Dardanelles","40.2000","26.4000","Mehmed IV","Q170098","Cretan War of 1645-1669","http://www.wikidata.org/entity/Q4816420"
"Battle of the Dardanelles","1655-06-21","Dardanelles","40.2000","26.4000","Mehmed IV","Q170098","Cretan War of 1645-1669","http://www.wikidata.org/entity/Q4872903"
"Battle of the Dardanelles","1656-06-26","Dardanelles","40.2000","26.4000","Mehmed IV","Q170098","Cretan War of 1645-1669","http://www.wikidata.org/entity/Q256563"
"Action of 3 May 1657","1657-05-03","Mediterranean Sea","38.0000","17.0000","Mehmed IV","Q170098","Cretan War of 1645-1669","http://www.wikidata.org/entity/Q4677357"
"Battle of Marina","1657-06-01","Marina","43.5141","16.1082","Mehmed IV","Q170098","Cretan War of 1645-1669","http://www.wikidata.org/entity/Q20526219"
"Battle of the Dardanelles","1657-07-17","Dardanelles","40.2000","26.4000","Mehmed IV","Q170098","Cretan War of 1645-1669","http://www.wikidata.org/entity/Q2890660"
"Capture of Kalamata","1659-03-01","Kalamata","37.0378","22.1111","Mehmed IV","Q170098","Cretan War of 1645-1669","http://www.wikidata.org/entity/Q134608208"
"Siege of Nagyvárad 1660","1660-01-01","Oradea Citadel","47.0516","21.9429","Mehmed IV","Q170098","","http://www.wikidata.org/entity/Q129259683"
"Action of 27 August 1661","1661-08-27","Milos","36.6875","24.4325","Mehmed IV","Q170098","Cretan War of 1645-1669","http://www.wikidata.org/entity/Q4677326"
"Action of 29 September 1662","1662-09-29","Kos","36.8153","27.1103","Mehmed IV","Q170098","Cretan War of 1645-1669","http://www.wikidata.org/entity/Q9172350"
"Battle of Köbölkút","1663-08-06","Gbelce","47.8506","18.5111","Mehmed IV","Q170098","Austro-Turkish War of 1663–1664","http://www.wikidata.org/entity/Q269479"
"First Battle of Zrínyiújvár","1663-08-13","Novi Zrin","46.3241","16.8785","Mehmed IV","Q170098","Austro-Turkish War of 1663–1664","http://www.wikidata.org/entity/Q989114"
"Battle at Jurjeve Stijene","1663-10-16","Otočac","44.8697","15.2372","Mehmed IV","Q170098","Austro-Turkish War of 1663–1664","http://www.wikidata.org/entity/Q20526364"
"Second Battle of Zrínyiújvár","1663-11-27","Novi Zrin","46.3241","16.8785","Mehmed IV","Q170098","Austro-Turkish War of 1663–1664","http://www.wikidata.org/entity/Q1212536"
"Battle of Várad","1664-05-27","Oradea","47.0722","21.9211","Mehmed IV","Q170098","Austro-Turkish War of 1663–1664","http://www.wikidata.org/entity/Q1461914"
"Battle of Saint Gotthard","1664-08-01","Szentgotthárd","46.9525","16.2736","Mehmed IV","Q170098","Austro-Turkish War of 1663–1664","http://www.wikidata.org/entity/Q170113"
"Battle of Porto Delphino","1665-11-27","Chios","38.4000","26.0167","Mehmed IV","Q170098","Cretan War of 1645-1669","http://www.wikidata.org/entity/Q2889683"
"Battle of Gradac","1666-09-15","Gradac","43.1061","17.3411","Mehmed IV","Q170098","Cretan War of 1645-1669","http://www.wikidata.org/entity/Q65128763"
"Battle of San Pelagio","1668-03-08","Heraklion","35.3403","25.1344","Mehmed IV","Q170098","Cretan War of 1645-1669","http://www.wikidata.org/entity/Q118946383"
"Battle of Lesbos","1668-06-15","Lesbos","39.2100","26.2800","Mehmed IV","Q170098","Cretan War of 1645-1669","http://www.wikidata.org/entity/Q118946393"
"Battle of Stromboli","1675-02-11","Stromboli","38.8040","15.2233","Mehmed IV","Q170098","Franco-Dutch War","http://www.wikidata.org/entity/Q15154118"
"Battle of Stromboli","1676-01-08","Stromboli","38.8040","15.2233","Mehmed IV","Q170098","Franco-Dutch War","http://www.wikidata.org/entity/Q1814863"
"Battle of Augusta","1676-04-22","Augusta","37.2303","15.2194","Mehmed IV","Q170098","Franco-Dutch War","http://www.wikidata.org/entity/Q939845"
"Battle of Palermo","1676-06-02","Palermo","38.1157","13.3613","Mehmed IV","Q170098","Franco-Dutch War","http://www.wikidata.org/entity/Q717322"
"Battle of San Leonardello","1677-09-25","San Leonardello","37.6883","15.1717","Mehmed IV","Q170098","Franco-Dutch War","http://www.wikidata.org/entity/Q139499125"
"Battle of San Leonardello","1677-09-25","San Leonardello","37.6883","15.1717","Mehmed IV","Q170098","Messina revolt","http://www.wikidata.org/entity/Q139499125"
"Battle of Párkány","1683-01-01","Štúrovo","47.7992","18.7181","Mehmed IV","Q170098","Great Turkish War","http://www.wikidata.org/entity/Q694911"
"Battle of Párkány","1683-01-01","Štúrovo","47.7992","18.7181","Mehmed IV","Q170098","Polish–Ottoman War of 1683–99","http://www.wikidata.org/entity/Q694911"
"Battle of Párkány","1683-10-07","Štúrovo","47.7992","18.7181","Mehmed IV","Q170098","Great Turkish War","http://www.wikidata.org/entity/Q694911"
"Battle of Párkány","1683-10-07","Štúrovo","47.7992","18.7181","Mehmed IV","Q170098","Polish–Ottoman War of 1683–99","http://www.wikidata.org/entity/Q694911"
"Battle of Chițcani (1683)","1683-12-05","Chițcani","46.7856","29.6086","Mehmed IV","Q170098","Polish–Ottoman War of 1683–99","http://www.wikidata.org/entity/Q4087377"